<?xml version="1.0" encoding="UTF-8" ?>
<!DOCTYPE mapper
        PUBLIC "-//mybatis.org//DTD Mapper 3.0//EN"
        "http://mybatis.org/dtd/mybatis-3-mapper.dtd">

<mapper namespace="com.course">
    <select id="getUserCount" resultType="Integer">
        select count(*) from user;

    </select>

    <insert id="addUser" parameterType="com.course.com.course.model.User">
        insert into user(id,name,age,sex)
        values(#{id},#{name},#{age},#{sex})

    </insert>

    <update id="updateUser" parameterType="com.course.com.course.model.User">
        update user set name=#{name},age=#{age}
        where id=#{id}

    </update>
    <delete id="deleteUser" parameterType="Integer">
        delete from user where id = #{id}

    </delete>


</mapper>